Name       , Gender
Nikhil     , Male
Chloe      , Female
Emily      , Female
Grace      , Female
Mark       , Male
Ava        , Female
Steven     , Male
Daniel     , Male
Namrata    , Female
Emily      , Female
Harper     , Female
Ritu       , Female
Isabella   , Female
Scarlett   , Female
Christopher, Female
Lily       , Female
Pooja      , Female
Daniel     , Male
Steven     , Male
Robert     , Male
Charlotte  , Female
Rohan      , Male
Pooja      , Female
Arnav      , Male
Rajesh     , Male
Chloe      , Female
Yashika    , Female
Sneha      , Female
Mia        , Female
Prerna     , Female
Grace      , Female
Isha       , Female
Siddharth  , Male
Deepika    , Female
Siddharth  , Male
Brian      , Male
Bhavana    , Female
Daniel     , Male
Kavya      , Female
Harsh      , Male
Paru       , Female
Priyanka   , Female
Mark       , Male
Pranav     , Male
Madhav     , Male
Amit       , Male
Charlotte  , Female
Rajesh     , Male
Bhavana    , Female
Shweta     , Female
Priyanshu  , Female
Jatin      , Male
George     , Male
Rahul      , Male
Rohan      , Male
Ayesha     , Female
Kumar      , Male
Shalom     , Male
Sharon     , Female
Ravi       , Male
Ritu       , Female
Andrew     , Male
Shreya     , Female
Ayesha     , Female
Charles    , Male
Febba      , Female
Andriya    , Female
Anil       , Male
Avery      , Female
Elizabeth  , Female
Sophia     , Female
Deena      , Female
Leena      , Female
Harsh      , Male
Reena      , Female
Dinesh     , Male
Kumar      , Male
Rinoy      , Male
Brian      , Male
Febbi      , Female
Olivia     , Female
Ishita     , Female
George     , Male
Olivia     , Female
Bindhu     , Female
Yamini     , Male
Febby      , Female
Finny      , Male
Benny      , Male
Sanjay     , Male
Farhan     , Female
Arjun      , Male
Lily       , Female
Sophia     , Female
Roshni     , Female
Roshni     , Female
Roshni     , Female
Kumar      , Male
Mary       , Female
Mary       , Female
Felix      , Male
Nikhil     , Male
Beena      , Female
Isabella   , Female
Charlotte  , Female
Kevin      , Male
Scarlett   , Female
Sonal      , Female
Andrew     , Male
John       , Male
Steven     , Male
Steven     , Male
Nidhi      , Female
Harper     , Male
Devi       , Female
Abigail    , Female
Vidya      , Female
John       , Male
Rahul      , Male
Ava        , Female
Avery      , Female
Emily      , Female
Tanya      , Female
Amit       , Male
Robert     , Male
Kevin      , Male
Bhavana    , Female
John       , Male
Rajesh     , Male
Rahul      , Male
James      , Male
Amit       , Male
Sanjay     , Male
Daniel     , Male
Pooja      , Female
Ritu       , Female
Dev        , Male
Joseph     , Male
Prem       , Male
Sonal      , Female
Karan      , Male
Vikram     , Male
Christopher, Female
Mark       , Male
Kajal      , Female
Abigail    , Female
Kritika    , Female
Dinesh     , Male
Vikram     , Male
Deepa      , Female
Chhavi     , Female
Brian      , Male
Nikhil     , Male
Abhishek   , Male
Pranav     , Male
Radhika    , Female
Joseph     , Male
Neha       , Female
Rajesh     , Male
Grace      , Female
Kavya      , Female
Joseph     , Male
George     , Male
Daniel     , Male
Kabir      , Male
Kevin      , Male
Sneha      , Female
Ravi       , Male
Zoya       , Female
Benjamin   , Male
Deepa      , Male
Karan      , Male
Deepa      , Female
Isha       , Female
Varun      , Male
Kavya      , Female
Sanjay     , Male
Ayesha     , Female
Avery      , Female
Steven     , Male
Ajay       , Male
Neha       , Female
Roshni     , Female
Boney      , Male
Roshni     , Female
Boney      , Male
Vandana    , Female
Pranav     , Male
Mia        , Female
Pooja      , Female
Andrew     , Male
Tarun      , Male
Steven     , Male
Kavya      , Female
Siddharth  , Male
Ritu       , Female
Kajal      , Female
Gopal      , Male
Anil       , Male
Steven     , Male
Vikram     , Male
Mia        , Female
Devansh    , Male
Ravi       , Male
James      , Male
Uday       , Male
Naveen     , Male
Daniel     , Male
Charles    , Male
Sofia      , Female
Divya      , Female
Sarah      , Female
Joice      , Female
Joice      , Female
Joice      , Female
Sarah      , Female
Charles    , Male
Eshan      , Male
Ava        , Female
Sneha      , Female
Wasim      , Male
Bhavana    , Female
Madison    , Female
Rekha      , Female
Meera      , Female
Sanjay     , Male
Elizabeth  , Female
Elizabeth  , Female
Ishaan     , Male
Manish     , Male
Xara       , Male
Shweta     , Female
Rincy      , Female
Joice      , Female
Joice      , Female
Vikram     , Male
Philip     , Male
Philip     , Male
Lakshmi    , Female
Emily      , Female
Ayush      , Male
Ayush      , Male
Srujeeth   , Male
Indira     , Female
William    , Male
Ajay       , Male
Gauri      , Female
Sneha      , Female
Ajay       , Male
Aditi      , Female
Sneha      , Female
Yogesh     , Male
Brian      , Male
Pranav     , Male
Ajay       , Male
Joseph     , Male
Ananya     , Female
Scarlett   , Female
Parth      , Male
Pranav     , Male
Ajay       , Male
Harper     , Female
Garima     , Female
Emma       , Female
Brian      , Male
Sofia      , Female
Paul       , Male
Charlotte  , Female
Manish     , Male
Kajal      , Female
Ayushi     , Female
Harshit    , Male
Sophia     , Female
Kavya      , Female
Ravi       , Male
Anil       , Male
Olivia     , Female
Dimple     , Female
Quasar     , Male
Sonal      , Female
Abigail    , Female
Chloe      , Female
John       , Male
Pooja      , Female
Kavya      , Female
Manish     , Male
Manish     , Male
Madison    , Male
Sebastian  , Male
Thomas     , Male
Vikram     , Male
Deepa      , Male
Ava        , Female
Neha       , Female
Dinesh     , Male
Abhishek   , Male
Amelia     , Female
Meera      , Female
Rahul      , Male
Olivia     , Female
Bhavana    , Female
Karan      , Male
Scarlett   , Female
Avery      , Female
Rahul      , Male
Ajay       , Male
George     , Male
Puneet     , Male
Sachi      , Female
Daniel     , Male
Grace      , Female
Paul       , Male
Jason      , Male
Tanya      , Female
Farha      , Female
Chandan    , Male
Paul       , Male
Isabella   , Female
Prem       , Male
Pooja      , Female
Heena      , Female
Vidya      , Male
Steven     , Male
Lalit      , Female
Neha       , Female
Dev        , Male
Joel       , Male
Karan      , Male
Mia        , Female
Rahul      , Male
Manish     , Male
Jason      , Male
Divya      , Female
Dev        , Male
Nikhil     , Male
Ayushi     , Female
Bhoomi     , Female
Thomas     , Male
Pooja      , Female
Avery      , Female
Jason      , Male
Isabella   , Female
Ananya     , Female
Bhavana    , Female
Kajal      , Female
Abhishek   , Male
Sneha      , Female
Sneha      , Female
Sonal      , Female
Shweta     , Female
Prem       , Male
Manish     , Male
Michael    , Male
Meera      , Female
Ananya     , Female
Chandini   , Female
William    , Male
Abhishek   , Male
Sophia     , Female
Pranav     , Male
Vikram     , Male
Elizabeth  , Female
Jason      , Male
Brian      , Male
Emma       , Female
Kevin      , Male
Michael    , Male
Deepa      , Female
Sneha      , Female
Neha       , Female
Vidya      , Female
Elizabeth  , Female
Nidhi      , Female
Isha       , Female
Waseem     , Male
Benjamin   , Male
Pranav     , Male
Paul       , Male
Steven     , Male
Elsa       , Female
Harper     , Male
Rohan      , Male
Ankita     , Female
Mia        , Female
Harsh      , Male
Hardik     , Male
Chloe      , Female
Arjun      , Male
Kishori    , Female
Daniel     , Male
Sneha      , Female
Deepa      , Female
Gloria     , Female
Amit       , Male
Rekha      , Female
Vikram     , Male
Xalman     , Male
Suresh     , Male
Priya      , Female
Dev        , Male
Harsh      , Male
Ajay       , Male
Neha       , Female
Nidhi      , Female
Kajal      , Female
Eliza      , Female
Ava        , Female
Kavya      , Female
Rahul      , Male
Nidhi      , Female
Eliza      , Female
Abigail    , Female
Isabella   , Female
Olivia     , Female
Charlotte  , Female
George     , Male
Sophia     , Female
Amelia     , Female
Ava        , Female
Steven     , Male
Meera      , Female
Eliza      , Female
Priya      , Female
Tapan      , Female
Abhishek   , Male
Chloe      , Female
Rajesh     , Male
Kajal      , Female
Dev        , Male
Bhavana    , Female
Sreelakshmi, Female
Dev        , Male
Tanya      , Female
Rohan      , Male
Meera      , Female
Divya      , Female
Michael    , Male
Rajesh     , Male
Steven     , Male
Paul       , Male
Chloe      , Female
Mark       , Male
John       , Male
Suresh     , Male
Brian      , Male
Rahul      , Male
Isabella   , Female
Neha       , Female
Emma       , Female
Radhika    , Female
Emma       , Female
Emily      , Female
Emily      , Female
Manish     , Male
Arjun      , Male
Abigail    , Female
George     , Male
Fatima     , Female
Eliza      , Female
Vikram     , Male
Dinesh     , Male
Grace      , Male
Amit       , Male
Elizabeth  , Female
George     , Male
Hemant     , Male
Siddharth  , Male
Shweta     , Female
Vinay      , Male
Michael    , Male
Benjamin   , Male
Tanya      , Female
Chetan     , Male
Isha       , Female
Juhi       , Female
Neha       , Female
Radhika    , Female
Lokesh     , Male
Zubin      , Male
Nikhil     , Male
David      , Male
Chloe      , Female
Olivia     , Female
Devi       , Female
Anil       , Male
Darshan    , Male
Harper     , Male
Upasana    , Female
Christopher, Male
Suresh     , Male
Sofia      , Female
Michael    , Male
Gargi      , Female
Mia        , Female
Karan      , Male
Gayatri    , Female
Anil       , Male
Meera      , Female
Timothy    , Male
David      , Male
Laksh      , Male
Samuel     , Male
Rashmi     , Female
Ritu       , Female
Harsh      , Male
Isha       , Female
Jayant     , Female
Monika     , Female
Eliza      , Female
Shweta     , Female
Esha       , Female
Steven     , Male
Sandra     , Female
Shruti     , Female
Charles    , Male
Mia        , Female
Ekta       , Female
Ayesha     , Female
Kanika     , Female
Sonal      , Female
Nidhi      , Female
Paul       , Male
Nandini    , Female
Dinesh     , Male
Emily      , Female
Amelia     , Female
Payal      , Female
Radhika    , Female
Emma       , Female
Isha       , Female
William    , Male
Tejaswi    , Female
Shweta     , Female
George     , Male
Keerthana  , Female
Anirudh    , Male
Deepak     , Male
Radhika    , Female
Kavya      , Female
Siddharth  , Male
Pooja      , Female
Harshita   , Female
Radhika    , Female
Grace      , Female
Girish     , Male
Ayesha     , Female
Harshal    , Male
Hrushikesh , Male
Siddharth  , Male
Tanya      , Female
Pooja      , Female
Ayesha     , Female
Sonal      , Female
Elizabeth  , Female
Bhavesh    , Male
Suresh     , Male
Pooja      , Female
Arjun      , Male
Sagar      , Male
Neha       , Female
Benjamin   , Male
Sanjay     , Male
Emily      , Female
Sanya      , Female
Radhika    , Female
James      , Male
Arjun      , Male
Xavier     , Male
Ravi       , Male
Bhavana    , Male
Alka       , Female
Rajat      , Male
Isha       , Female
Sonal      , Female
William    , Male
Ajay       , Male
Tushar     , Male
Arjun      , Male
Pallavi    , Female
Ananya     , Female
Jason      , Male
Rishabh    , Male
Vikram     , Male
Ajay       , Male
Ritwik     , Male
Rahul      , Male
Avery      , Female
Ananya     , Female
Chloe      , Female
Rajesh     , Male
Tanya      , Female
Siddharth  , Male
Meera      , Female
Vikram     , Male
Sofia      , Female
Deepa      , Female
Pranav     , Male
Abigail    , Female
Neha       , Female
Bharat     , Male
Emma       , Female
Rajesh     , Male
Grace      , Female
Andrew     , Male
Gayatri    , Female
Brian      , Male
Karan      , Male
Brian      , Male
Rajesh     , Male
Vikram     , Male
Ajay       , Male
George     , Male
Anil       , Male
Siddharth  , Male
Mia        , Female
Eliza      , Female
Eliza      , Female
Grace      , Female
Grace      , Male
Pooja      , Female
Abhishek   , Male
Benjamin   , Male
Isha       , Female
Chloe      , Female
Divya      , Female
Mia        , Female
Priya      , Female
Deepa      , Female
Manish     , Male
Paul       , Male
Eliza      , Female
Thomas     , Male
Ravi       , Male
Charles    , Male
Mark       , Male
Charlotte  , Female
Mia        , Female
Rajesh     , Male
Amelia     , Female
Robert     , Male
Isabella   , Female
Avery      , Female
Srujeeth   , Male
Robert     , Male
Chloe      , Female
Steven     , Male
Mark       , Male
Radhika    , Female
Robert     , Male
Nidhi      , Female
Grace      , Female
Aditya     , Male
Charlotte  , Female
Ava        , Female
Diksha     , Female
Pranav     , Male
Steven     , Male
Himani     , Female
Priya      , Female
Varsha     , Female
Mia        , Female
Ritu       , Female
Elizabeth  , Female
Manish     , Male
Anil       , Male
Dinesh     , Male
Brian      , Male
Neha       , Female
Mia        , Female
Dinesh     , Male
Grace      , Female
Mahesh     , Male
Amit       , Male
Grace      , Male
Mark       , Male
George     , Male
John       , Male
Divyanshu  , Male
Ayush      , Male
Divyanshu  , Male
Ayush      , Male
Rahul      , Male
David      , Male
Amit       , Male
Vidya      , Female
Andriya    , Female
Charlotte  , Female
Emma       , Female
Bhavana    , Female
Zara       , Female
Sneha      , Female
Grace      , Male
Ayesha     , Female
James      , Male
Michael    , Male
James      , Male
Rahul      , Male
Radhika    , Female
Joseph     , Male
Amelia     , Female
Harper     , Male
Benjamin   , Male
Lavanaya   , Female
Michael    , Male
Sarah      , Female
Ajay       , Male
Deepanshu  , Male
Rakesh     , Male
Liya       , Female
Robert     , Male
Anagha     , Female
Divyanshu  , Male
Anil       , Male
Kajal      , Female
Rajesh     , Male
Rohan      , Male
Amit       , Male
Shweta     , Female
Linsa      , Female
Pooja      , Female
Tanya      , Female
Janhvi     , Female
Ravi       , Male
Priya      , Female
Kavya      , Female
Linsa      , Female
Isabella   , Female
Ishita     , Female
Ananya     , Female
Divyanshu  , Male
Sneha      , Female
Radhika    , Female
William    , Male
Christopher, Male
Lily       , Female
Anna       , Female
Christopher, Female
Robert     , Male
Preeti     , Female
Niju       , Male
Michael    , Male
Navjeevan  , Male
Divyansh   , Male
Jeevan     , Male
Charlotte  , Female
Dinesh     , Male
Sofia      , Female
Linsy      , Female
Eliza      , Female
Ava        , Female
Michael    , Male
Ava        , Female
Sofia      , Female
Pooja      , Female
Pooja      , Female
Brian      , Male
Ankit      , Male
John       , Male
Febita     , Female
Joice      , Female
Emily      , Female
Dinesh     , Male
Anshika    , Female
Ravi       , Male
Kumari     , Female
Chloe      , Female
Tanvi      , Female
Ajay       , Male
Aditya     , Male
Radhika    , Female
Chloe      , Female
Hema       , Female
Suresh     , Male
Devika     , Female
James      , Male
Ashish     , Male
Bhavana    , Female
Aditi      , Female
Avery      , Female
Anagha     , Female
Adithya    , Male
Abhishek   , Male
Revathi    , Female
Kevin      , Male
Ravi       , Male
Adith      , Female
Nikhil     , Male
Nandana    , Female
Ayushi     , Female
Mark       , Male
Nikhil     , Male
Ayush      , Male
Grace      , Male
Ansen      , Male
Amit       , Male
Andrew     , Male
Ayesha     , Female
Harsh      , Male
Harsh      , Male
William    , Male
Priya      , Female
Sofia      , Female
Ananya     , Female
Libin      , Male
Siddharth  , Male
Christopher, Male
Neha       , Female
Noble      , Male
Isha       , Female
Siddharth  , Male
Gifty      , Female
Amelia     , Female
Gopal      , Male
Benjamin   , Male
Lavkush    , Male
Suresh     , Male
Omkar      , Male
Ritu       , Female
Piyush     , Male
Dinesh     , Male
Ruturaj    , Male
Aditya     , Male
Atharva    , Male
William    , Male
Christopher, Female
Isabella   , Female
Rutva      , Female
Madison    , Male
Daniel     , Male
Kajal      , Female
Ritu       , Female
James      , Male
Ananya     , Female
Ravi       , Male
Shrujal    , Female
Benjamin   , Male
Daniel     , Male
Neha       , Female
Roselin    , Female
Nidhi      , Female
Kavya      , Female
Avery      , Female
Trissa     , Female
Meera      , Female
Eliza      , Female
Amit       , Male
Tessy      , Female
Brian      , Male
William    , Male
Priya      , Female
Meera      , Female
Radhika    , Female
Pooja      , Female
Avery      , Female
Andrew     , Male
Abraham    , Male
Sonal      , Female
Avery      , Female
William    , Male
Akza       , Female
Isabella   , Female
Divya      , Female
Deepa      , Male
Andrew     , Male
Thomas     , Male
Alex       , Male
Daniel     , Male
Anil       , Male
Joyce      , Female
Divyansh   , Male
Ayesha     , Female
Daniel     , Male
Paul       , Male
Tressa     , Female
Anjana     , Female
David      , Male
Ajay       , Male
Amelia     , Female
Tina       , Male
Siddhi     , Female
Pooja      , Female
Riya       , Female
Srujeeth   , Male
Sonal      , Female
Kajal      , Female
Siddharth  , Male
Rohan      , Male
Thomas     , Male
Solomon    , Male
Akshay     , Male
Karan      , Male
Steven     , Male
Rajesh     , Male
Priya      , Female
Isha       , Female
premanand  , Male
Abigail    , Female
Thomas     , Male
Isha       , Female
Chitra     , Female
Daniel     , Male
Kartik     , Male
Abigail    , Female
Anita      , Female
Ayesha     , Female
Simran     , Female
Rishi      , Male
William    , Male
Vikram     , Male
Bhavana    , Female
Omkar      , Male
Ava        , Female
Faizan     , Male
Chirag     , Male
Grace      , Female
Priya      , Female
Benjamin   , Male
Grace      , Female
Jaya       , Male
Scarlett   , Female
Shweta     , Female
Lakshmi    , Female
Mia        , Female
Kajal      , Female
Sanjay     , Male
Harper     , Female
Sofia      , Female
Ravindra   , Male
Ravi       , Male
John       , Male
Deepak     , Male
Amelia     , Female
Arjun      , Male
Vidya      , Female
Nikhil     , Male
Vidya      , Male
Mark       , Male
Sofia      , Female
Elizabeth  , Female
Manish     , Male
Priya      , Female
Abhishek   , Male
Robert     , Male
Akshay     , Male
Sophia     , Female
Pooja      , Female
Neha       , Female
Ajay       , Male
Paul       , Male
Jason      , Male
Laksh      , Male
Ravi       , Male
Mia        , Female
Scarlett   , Male
Gargi      , Female
Brian      , Male
Ava        , Female
Pooja      , Female
Isabella   , Female
Paul       , Male
Sophia     , Female
Shweta     , Female
Christopher, Female
Tripti     , Female
Charles    , Male
Anjali     , Female
Rahul      , Male
Ravi       , Male
Charlotte  , Female
Abigail    , Female
Ritu       , Female
Akshay     , Male
Robert     , Male
Uma        , Female
Mansi      , Female
Suresh     , Male
Umesh      , Male
Prem       , Male
Radhika    , Female
Sanjay     , Male
Harsh      , Male
Indira     , Female
Charles    , Male
Isha       , Female
Sabir      , Male
Manish     , Male
Rajesh     , Male
Eliza      , Female
Joseph     , Male
Harsh      , Male
Kunal      , Male
Steven     , Male
Deepa      , Female
Nidhi      , Female
Shweta     , Female
Eliza      , Female
Amelia     , Female
Ananya     , Female
Daniel     , Male
Kavya      , Female
Dinesh     , Male
Amit       , Male
Rohan      , Male
James      , Male
Ayesha     , Female
Nikhil     , Male
Isabella   , Female
Dinesh     , Male
Vikram     , Male
George     , Male
Manish     , Male
Sabir      , Male
Devi       , Female
Chloe      , Female
Scarlett   , Male
Benjamin   , Male
Rahul      , Male
Nikhil     , Male
Riya       , Female
Bhavana    , Female
Jason      , Male
Divya      , Female
Eliza      , Female
Swati      , Female
James      , Male
Bhavana    , Female
Joseph     , Male
Elizabeth  , Female
John       , Male
Kavya      , Female
Thomas     , Male
Priya      , Female
Latika     , Female
Paul       , Male
Sumayya    , Female
Amelia     , Female
Sameer     , Male
Om         , Male
Aditya     , Male
Nikita     , Female
Qasim      , Male
Emma       , Female
Suresh     , Male
Emily      , Female
Amit       , Male
Rahul      , Male
Abigail    , Female
Lily       , Female
Sneha      , Female
Sophia     , Female
Joseph     , Female
Benjamin   , Male
Nidhi      , Female
John       , Male
George     , Male
David      , Male
Benjamin   , Male
Charles    , Male
Sabir      , Male
Emily      , Female
Mia        , Female
Sonal      , Female
Emily      , Female
Radhika    , Female
Karan      , Male
Suresh     , Male
Sonal      , Female
Nidhi      , Female
Sanjay     , Male
Brian      , Male
Pooja      , Female
Harsh      , Male
Manish     , Male
Suresh     , Male
Andrew     , Male
Anil       , Male
Radhika    , Female
Dinesh     , Male
Robert     , Male
Paul       , Male
Manish     , Male
Rohan      , Male
Amelia     , Female
Pooja      , Female
Chloe      , Female
George     , Male
Steven     , Male
Ajay       , Male
Ava        , Female
James      , Male
Harsh      , Male
James      , Male
Tanya      , Female
Ananya     , Female
Harsh      , Male
Jason      , Male
Steven     , Male
Grace      , Female
Tanya      , Female
Mia        , Female
Mark       , Male
Isabella   , Female
Sonal      , Female
Andrew     , Male
Sonali     , Female
John       , Male
